Unnamed: 0,battery_power,blue,clock_speed,dual_sim,fc,four_g,int_memory,m_dep,mobile_wt,n_cores,pc,px_height,px_width,ram,sc_h,sc_w,talk_time,three_g,touch_screen,wifi,predicted_price_range
0,772,1,1.2,1,7,1,8,0.6,134,7,8,552,1802,422,7,6,15,1,0,0,0
1,1137,1,1.0,0,18,0,7,1.0,196,3,19,942,1179,3616,13,5,12,1,1,1,3
2,1884,0,2.1,1,7,1,43,0.8,185,1,18,451,819,3619,14,8,7,1,1,1,3
3,1991,1,2.7,0,5,1,64,0.9,145,2,13,1058,1325,1733,5,3,8,1,1,0,1
4,1066,0,0.6,0,2,1,7,0.9,114,7,18,1242,1571,468,19,13,6,1,1,0,1
5,1210,1,1.6,1,9,0,57,0.5,111,4,20,329,1039,1886,16,0,17,1,0,1,2
6,1793,0,1.8,1,10,0,12,0.5,169,6,17,1086,1418,3533,16,14,15,1,1,1,3
7,1765,0,1.1,0,3,0,11,0.7,87,2,7,835,1175,3695,6,5,18,1,0,0,3
8,503,1,1.8,1,1,1,13,0.7,131,1,4,1495,1688,3117,19,6,9,1,0,1,3
9,1310,1,1.1,1,13,0,7,1.0,194,5,14,117,513,3182,8,4,5,1,1,0,2
10,1242,0,1.1,1,0,0,10,0.6,165,2,1,459,1225,1050,11,1,4,1,0,1,0
11,1283,1,1.6,1,4,0,47,0.9,93,5,5,372,692,2698,9,6,17,1,1,0,3
12,1970,0,1.6,1,11,1,58,0.3,80,8,19,654,882,2372,14,12,2,1,1,0,3
13,1146,0,3.0,0,5,1,57,0.4,111,5,10,73,583,291,19,9,11,1,1,1,0
14,805,1,0.7,0,0,0,64,0.1,97,4,14,641,704,418,11,6,17,0,1,1,0
15,668,0,0.5,1,0,0,3,0.1,155,5,13,666,1203,2746,9,5,8,1,1,1,2
16,1343,0,2.4,1,5,1,14,0.9,81,8,10,1063,1205,462,18,7,11,1,1,1,1
17,635,1,0.6,1,1,1,50,0.3,97,5,13,193,989,2107,13,12,12,1,0,0,2
18,1709,1,2.1,0,1,0,13,1.0,156,2,2,974,1385,3283,17,1,15,1,0,0,3
19,865,0,2.9,0,5,0,16,0.1,89,4,12,335,1009,3494,13,3,14,0,0,1,3
20,1149,1,2.2,0,4,0,30,0.2,106,6,5,1617,1675,3755,17,14,8,1,0,0,3
21,1983,1,1.2,1,6,1,27,0.6,125,1,11,370,1197,3897,12,10,10,1,1,1,3
22,506,0,1.6,0,6,1,41,0.8,159,1,7,875,1025,2965,13,10,15,1,0,0,3
23,1606,1,0.5,1,0,1,33,0.9,200,5,0,157,770,3437,11,1,2,1,0,0,2
24,1632,1,1.4,0,0,0,41,0.1,132,4,1,706,1623,2614,5,4,15,1,0,0,3
25,822,1,0.5,0,0,1,51,0.3,157,6,20,667,860,3846,10,1,3,1,0,0,3
26,1426,1,2.5,0,2,1,55,0.4,109,1,7,777,1032,2562,5,1,3,1,0,0,3
27,793,0,1.2,1,1,1,38,0.6,176,4,7,1226,1815,3139,6,1,12,1,1,1,2
28,1065,0,2.8,1,0,1,21,0.1,158,5,3,760,1722,1193,16,13,20,1,0,1,1
29,1965,1,0.5,0,4,1,29,0.5,149,5,13,584,676,2973,11,1,20,1,1,1,3
30,1806,1,2.0,1,2,1,54,0.1,117,1,11,347,727,3142,13,0,6,1,0,1,3
31,1285,0,0.8,1,4,1,11,0.8,199,5,7,1791,1896,3966,17,15,2,1,1,1,3
32,600,1,1.8,0,9,1,6,0.8,199,2,15,486,1032,3495,17,4,7,1,1,0,2
33,1920,0,0.6,1,3,1,19,0.5,131,3,8,670,1152,3943,13,0,4,1,1,0,3
34,1375,0,2.9,0,2,0,20,0.4,147,6,7,596,679,3847,8,0,12,1,0,1,3
35,1987,1,1.9,0,0,0,50,0.7,119,8,18,960,1925,857,12,4,6,1,1,0,1
36,765,1,2.5,0,3,0,44,0.3,88,8,11,1364,1851,2256,6,1,19,0,1,1,3
37,1660,0,0.5,0,2,1,15,0.7,100,8,8,440,569,2424,12,5,9,1,1,0,3
38,689,0,1.4,0,2,0,45,0.5,103,5,11,256,823,3585,10,1,10,1,0,0,3
39,685,0,0.5,1,8,1,13,0.8,82,7,15,1091,1203,3210,15,7,2,1,1,1,3
40,1204,1,2.6,0,0,0,10,0.3,199,7,3,480,1482,1724,11,2,19,1,0,0,1
41,999,1,1.8,1,0,1,27,0.1,167,4,1,20,745,1344,17,10,5,1,0,0,0
42,1190,0,2.0,1,0,0,40,0.2,93,5,1,1399,1646,3610,13,7,9,0,0,1,3
43,1569,0,0.8,1,8,0,59,0.9,111,3,16,1261,1383,3672,15,2,15,1,0,1,3
44,626,1,2.8,1,3,1,11,0.8,109,2,9,737,1759,1077,6,1,4,1,0,1,1
45,1187,0,2.3,0,0,1,21,0.2,122,6,6,215,1125,2547,10,3,5,1,1,0,3
46,1741,1,1.8,0,0,0,14,0.7,143,8,0,730,1895,3387,11,3,3,1,0,0,3
47,1074,0,2.4,1,2,1,9,0.9,103,6,14,946,952,1948,13,1,18,1,1,1,3
48,1075,0,0.5,1,2,0,11,0.2,122,1,16,271,1769,3927,8,3,7,1,0,0,3
49,1929,1,0.5,1,0,1,19,1.0,163,6,2,349,1051,1913,12,7,6,1,1,0,1
50,1584,1,1.3,0,6,0,41,0.6,135,4,15,160,1291,1561,10,5,17,0,0,1,1
51,1615,1,2.8,0,3,0,9,0.9,117,1,13,542,678,2948,8,3,3,1,1,0,3
52,1653,0,0.5,1,2,1,37,0.9,176,4,6,447,1785,3955,19,4,18,1,1,1,3
53,1430,1,0.9,0,3,0,56,0.1,179,3,5,569,906,752,17,8,17,0,0,1,0
54,1308,0,1.9,0,0,1,61,0.7,106,3,7,59,1215,3355,15,2,4,1,0,1,3
55,1139,1,0.9,1,6,1,58,0.5,161,2,11,742,999,1850,9,4,8,1,0,0,1
56,598,1,0.8,1,8,1,62,0.1,117,8,9,118,764,3066,11,2,19,1,1,0,3
57,1219,0,1.6,1,5,0,4,0.3,169,6,7,1419,1698,1998,9,2,4,0,0,0,2
58,1960,1,2.3,1,1,1,61,0.3,86,7,3,205,1299,3865,10,7,11,1,0,0,3
59,1278,1,1.2,0,10,1,60,0.6,172,7,14,1244,1504,3142,11,4,19,1,0,1,3
60,580,1,1.2,1,0,0,47,0.9,91,3,1,1086,1345,3451,15,1,11,1,1,0,3
61,1224,1,1.8,1,2,1,44,0.2,139,2,9,622,709,621,11,4,14,1,1,1,0
62,1408,1,2.5,0,3,0,32,0.1,151,4,6,875,982,3162,19,18,3,1,0,0,3
63,1110,0,1.5,0,2,1,12,0.3,153,8,5,961,1950,624,9,7,15,1,0,0,0
64,685,0,2.7,0,7,0,17,0.3,174,6,20,725,870,1223,8,0,18,1,0,1,1
65,1486,0,2.6,0,7,0,52,0.1,85,4,15,1430,1747,297,13,1,15,0,1,0,1
66,852,0,1.8,1,5,1,8,0.8,160,5,9,683,1349,315,7,6,20,1,0,0,0
67,1277,0,3.0,0,0,1,41,0.3,200,4,3,902,1090,429,9,4,14,1,1,1,0
68,1454,0,1.4,1,8,0,37,0.8,80,8,20,903,910,1713,16,0,19,0,0,0,3
69,1154,0,1.2,1,0,1,49,0.2,181,8,2,541,1499,978,5,3,7,1,0,1,0
70,1205,1,2.7,0,5,0,10,0.1,163,6,10,321,1870,953,18,11,20,0,1,1,0
71,875,1,1.4,1,1,1,43,0.6,104,8,3,902,969,3396,14,2,18,1,0,0,3
72,1068,0,0.5,1,0,1,19,0.9,197,8,9,322,875,1209,19,12,12,1,1,0,0
73,1188,1,1.4,1,0,1,9,0.6,114,2,0,1339,1558,2896,12,11,16,1,0,1,3
74,1542,0,2.3,0,1,0,43,0.8,182,2,11,346,966,3601,14,4,16,0,0,0,3
75,1077,1,2.5,0,13,1,49,0.6,131,4,14,334,1079,3454,17,11,2,1,0,1,3
76,675,0,2.3,0,10,0,60,0.9,144,5,15,192,757,1735,7,0,13,1,0,1,1
77,539,0,2.0,1,1,0,24,0.5,86,4,2,958,967,1326,7,4,3,1,1,0,2
78,1634,1,1.4,0,1,1,17,0.2,200,2,5,964,1677,3031,11,6,6,1,1,1,2
79,1009,1,1.0,1,2,0,2,0.6,102,8,14,912,1043,1716,7,5,15,0,0,0,2
80,1197,0,1.3,0,3,1,20,0.5,149,6,7,649,1629,1797,19,5,4,1,1,1,1
81,1314,1,2.8,1,13,1,5,1.0,87,4,18,82,512,3411,17,16,18,1,0,0,3
82,1056,1,2.1,1,8,1,37,0.7,101,3,11,914,979,2651,15,5,3,1,1,1,3
83,535,0,1.5,0,1,1,48,0.7,113,1,4,290,811,740,11,10,18,1,1,0,0
84,1591,1,2.2,0,3,1,49,0.4,154,6,7,1384,1883,3703,17,6,20,1,1,0,3
85,827,1,0.6,1,9,1,35,0.2,87,6,17,23,826,2367,5,3,15,1,0,1,3
86,1592,0,2.1,0,6,1,50,0.1,181,2,17,510,522,2103,19,8,7,1,0,0,1
87,578,1,2.6,1,2,1,57,0.2,162,8,8,1025,1433,1270,15,3,5,1,0,1,1
88,743,0,0.5,1,0,1,33,0.3,95,2,1,1587,1659,316,19,10,4,1,0,0,1
89,1327,0,2.8,0,10,0,23,0.5,89,7,16,441,1721,872,7,5,4,1,1,1,1
90,1695,1,0.5,1,2,1,47,0.5,189,5,13,308,1208,1629,8,6,11,1,1,0,1
91,535,0,1.9,0,5,0,24,0.2,190,8,19,398,1775,524,9,3,4,0,0,0,0
92,1163,1,2.1,1,0,1,19,0.9,132,2,1,728,818,2940,13,0,15,1,0,1,3
93,1656,1,0.5,1,8,1,38,0.1,105,7,17,506,519,1499,12,8,19,1,0,1,2
94,1554,1,0.5,1,11,0,5,1.0,124,3,12,395,1579,3635,7,4,18,0,0,0,3
95,909,1,0.7,1,7,0,47,0.1,146,3,9,410,1643,1244,14,10,16,0,1,0,1
96,1312,1,0.8,1,0,0,24,0.9,156,6,0,115,1791,3833,14,13,17,0,1,0,3
97,1178,1,1.3,0,0,0,49,0.6,101,5,0,579,596,2511,6,3,17,0,0,0,3
98,1868,1,0.5,0,2,1,40,0.9,179,8,17,576,884,298,8,2,17,1,1,0,0
99,1270,1,2.3,0,0,0,58,0.5,104,5,1,1512,1716,3299,13,4,16,0,0,1,3
100,1445,1,0.5,0,0,0,53,0.7,174,7,14,386,836,1099,17,1,20,1,0,0,0
101,1265,0,1.5,0,7,0,49,0.7,182,5,16,690,836,1362,5,0,12,0,0,1,1
102,1404,0,2.1,0,16,0,44,0.9,151,1,20,1703,1880,1196,10,6,5,0,0,1,1
103,1662,0,0.5,0,0,1,61,0.8,126,4,13,32,1509,3760,9,5,13,1,1,1,3
104,869,0,1.9,0,0,0,2,0.6,197,7,3,519,533,3249,19,0,12,0,0,1,2
105,1692,0,2.3,1,4,1,46,0.9,139,1,6,674,1925,1394,16,10,6,1,1,0,1
106,1973,1,2.4,1,6,0,46,0.1,193,4,10,699,851,639,6,0,3,0,0,1,0
107,680,1,2.1,1,9,1,9,0.1,131,3,11,1428,1500,2438,14,2,17,1,0,0,3
108,502,0,1.5,1,7,0,37,0.2,199,2,12,705,1810,1649,6,1,14,0,1,0,1
109,645,0,0.5,0,1,0,41,1.0,197,7,10,327,580,2962,12,9,4,1,1,1,2
110,911,1,2.2,1,1,1,28,0.5,182,2,2,157,763,2638,8,4,13,1,1,1,2
111,987,1,1.9,0,4,1,52,0.5,83,3,8,419,736,2757,17,12,15,1,1,0,3
112,1673,1,1.6,0,2,0,42,0.5,182,5,6,214,679,3094,12,4,20,0,0,0,2
113,675,0,2.4,0,1,0,42,0.6,187,7,2,482,874,2953,9,5,13,1,1,0,2
114,1731,1,2.3,1,18,0,60,0.5,171,4,20,142,1039,1220,9,3,20,0,1,0,0
115,1015,1,0.8,0,5,0,12,0.5,102,3,14,335,679,2293,5,1,2,0,1,0,3
116,1989,0,2.5,1,0,1,41,0.8,94,3,13,1100,1497,1665,17,9,12,1,1,1,2
117,1940,1,0.9,1,4,0,17,0.7,93,5,7,112,858,2297,14,6,8,0,1,0,3
118,1722,0,2.6,0,8,0,18,0.8,177,2,16,865,1741,3271,14,0,15,1,0,1,2
119,1130,0,1.8,1,0,0,27,0.9,101,1,8,1495,1579,315,14,5,11,1,1,0,1
120,1804,0,0.5,0,9,1,22,0.6,153,7,19,1158,1244,3472,9,1,20,1,0,1,3
121,1414,1,1.5,1,5,0,44,0.5,180,2,6,44,1118,3490,16,12,13,0,1,0,2
122,1119,0,0.5,1,0,1,23,0.4,164,4,1,821,915,3520,7,4,7,1,0,0,3
123,1403,0,2.7,0,2,1,26,0.1,164,5,3,461,1251,3371,13,9,9,1,0,1,3
124,1794,1,0.5,1,5,1,55,0.5,86,7,7,43,627,402,14,7,14,1,0,1,0
125,1597,1,0.9,0,4,1,4,0.5,85,1,19,880,1145,2130,8,3,15,1,1,0,3
126,1607,0,1.1,1,6,1,20,1.0,192,2,8,776,1005,885,11,1,14,1,1,0,0
127,633,1,1.4,0,0,1,46,0.7,102,6,10,709,1915,1401,19,14,11,1,1,0,1
128,1063,0,2.0,0,0,0,27,0.2,86,6,7,201,582,2668,12,5,19,0,0,0,3
129,1881,0,2.2,0,4,0,51,0.3,158,5,7,477,1553,1229,12,0,14,1,0,0,1
130,612,1,0.7,0,6,0,35,0.6,181,5,12,1294,1337,3169,14,9,6,0,0,0,2
131,1656,1,1.6,1,0,0,16,1.0,117,7,2,320,899,2856,14,3,20,1,1,1,3
132,1878,0,1.5,1,5,1,56,0.3,139,5,13,183,559,2711,8,2,3,1,1,1,3
133,1063,0,1.5,0,7,0,3,0.9,155,4,10,394,849,1919,12,10,20,1,1,0,1
134,1517,0,2.5,0,2,1,8,0.8,169,4,18,570,1645,2738,18,16,12,1,0,0,2
135,1998,1,1.2,0,8,0,31,0.6,196,8,19,50,1356,2311,17,9,18,1,1,0,1
136,1657,1,2.4,0,3,0,42,0.1,198,5,16,1770,1796,2597,18,1,14,1,0,0,2
137,1854,0,3.0,0,2,1,8,0.1,101,5,5,506,627,1886,17,4,20,1,1,0,3
138,922,0,1.5,1,1,1,35,0.9,188,7,15,1016,1383,1165,19,6,4,1,1,1,0
139,1768,1,2.0,0,0,1,2,0.8,88,7,2,1303,1814,3256,9,6,5,1,1,0,3
140,1448,1,0.5,1,6,1,45,0.8,138,7,11,570,1724,3378,13,11,2,1,1,1,3
141,1650,0,2.3,0,0,1,38,0.7,89,1,1,773,881,324,14,10,2,1,1,1,0
142,1808,1,0.5,1,1,0,31,0.5,92,2,16,714,1208,2736,9,1,8,0,0,1,3
143,1709,1,0.8,0,8,1,58,0.8,136,2,10,956,1292,1781,18,3,17,1,0,0,1
144,1021,0,1.3,0,7,0,9,0.7,192,2,12,901,1793,1355,6,1,14,1,1,0,1
145,1369,1,1.8,1,6,0,34,0.5,162,1,7,553,727,3856,18,4,18,0,1,1,3
146,807,1,0.5,1,0,0,37,0.2,127,4,0,245,829,2319,5,4,4,0,0,0,2
147,1126,0,0.7,0,3,0,49,0.9,165,8,17,114,1726,3739,14,1,13,1,0,0,3
148,969,0,2.4,0,0,0,45,0.3,124,7,0,491,589,404,18,5,19,1,0,1,0
149,1048,1,0.9,0,10,1,28,0.8,194,2,19,966,1975,1458,5,1,15,1,0,1,1
150,1029,1,1.9,1,5,1,5,0.2,171,5,8,264,956,582,15,7,4,1,1,1,0
151,565,0,0.6,1,1,0,50,0.1,158,2,8,543,703,2156,13,6,6,1,1,1,2
152,832,1,0.5,0,5,1,22,0.6,198,1,8,343,1431,1666,15,4,20,1,1,1,1
153,1283,1,0.7,1,0,1,27,0.2,80,4,6,1135,1923,3957,17,15,6,1,0,0,3
154,798,0,2.4,0,5,0,4,0.2,96,3,9,526,643,2965,15,7,14,1,1,0,3
155,1821,0,1.7,0,4,1,10,0.8,139,8,10,381,1018,3220,13,8,18,1,0,1,3
156,1447,1,2.5,1,2,0,9,0.2,155,8,16,737,1455,568,12,11,8,0,0,0,0
157,1864,0,1.9,1,2,0,57,0.1,181,6,6,1279,1793,3586,19,9,8,0,0,1,3
158,987,0,1.3,1,0,1,61,0.4,107,3,9,581,820,3963,9,4,20,1,0,1,3
159,1166,0,2.0,0,3,1,25,0.8,198,5,4,59,1203,2488,13,5,15,1,0,0,1
160,1300,1,0.5,0,5,0,62,0.1,156,6,7,219,1037,874,15,3,10,1,1,0,0
161,514,1,0.7,0,4,0,57,0.1,186,3,7,168,1320,687,6,0,20,1,1,1,0
162,1454,0,2.6,0,8,0,6,0.4,199,3,20,698,1018,1300,10,0,2,0,0,1,1
163,1630,1,2.8,1,0,1,32,0.9,80,6,1,712,1726,1751,12,10,20,1,0,1,3
164,1038,0,1.2,0,3,0,43,0.7,141,1,5,4,638,3709,11,0,12,1,1,1,3
165,1424,1,2.9,1,0,0,20,0.6,180,5,0,181,1199,2658,15,0,19,1,0,0,2
166,737,1,2.4,1,7,0,49,0.6,193,4,16,781,1463,2951,7,0,10,0,1,0,2
167,1923,0,1.3,0,3,0,24,1.0,86,4,4,874,1264,2479,9,2,15,1,1,0,3
168,1807,0,2.0,1,0,1,13,0.5,155,8,0,970,974,323,9,3,3,1,1,1,0
169,1236,1,2.8,0,6,1,32,0.3,143,4,18,492,1403,942,16,12,14,1,1,1,0
170,1719,1,2.0,0,0,0,12,0.3,122,8,7,240,904,462,6,3,5,0,0,0,0
171,790,0,2.0,1,16,1,11,0.3,87,6,17,347,730,3169,6,1,2,1,0,1,3
172,622,0,0.7,0,0,1,9,0.3,127,2,0,98,511,3916,13,1,5,1,0,1,3
173,1589,1,2.2,1,2,0,58,0.1,128,4,4,957,1911,3961,16,14,14,1,0,1,3
174,856,1,1.1,1,14,1,19,0.7,125,6,19,1057,1931,650,17,0,10,1,0,1,0
175,1027,1,2.2,0,0,0,63,0.8,102,5,4,152,714,1732,8,5,13,0,1,1,2
176,1329,1,1.0,0,1,0,52,0.9,181,6,2,1053,1458,1228,8,6,6,1,0,1,1
177,1603,1,0.5,1,1,1,17,0.5,114,2,8,430,1207,1637,17,3,11,1,0,1,2
178,826,1,2.4,1,14,1,57,0.6,117,2,17,1077,1183,1907,15,14,5,1,0,0,2
179,1560,0,2.3,0,0,1,22,0.8,169,7,1,745,1364,1938,15,11,16,1,1,1,1
180,592,0,0.8,1,1,0,52,0.9,103,7,10,332,970,1507,5,0,4,0,0,1,1
181,1619,1,1.9,0,2,1,21,0.4,138,1,9,46,562,1641,7,2,13,1,0,0,1
182,1677,0,1.8,1,4,0,11,0.7,124,6,8,271,1477,3771,15,6,12,1,0,0,3
183,999,0,2.6,1,11,1,56,1.0,165,4,13,342,1641,3083,8,4,11,1,1,1,2
184,543,1,0.5,1,4,1,60,0.7,132,5,7,693,1031,933,14,0,5,1,1,0,0
185,1288,0,2.8,1,15,0,50,0.1,121,2,20,1177,1809,3129,17,6,2,0,0,0,3
186,1349,1,2.2,1,5,0,55,0.1,105,7,7,648,1019,2462,15,7,17,1,0,1,3
187,913,0,1.7,1,1,1,41,0.3,103,1,14,431,1144,2278,15,3,18,1,1,0,3
188,881,0,1.0,0,1,0,64,0.5,160,3,6,115,636,2110,18,9,6,1,1,1,1
189,534,0,0.5,1,4,0,2,0.2,85,5,16,911,1220,2466,5,3,18,0,1,1,3
190,1138,0,1.1,0,5,1,48,0.6,109,3,14,233,1777,2048,6,0,18,1,1,1,2
191,1992,1,1.6,0,5,1,57,1.0,100,2,15,1552,1596,606,9,3,4,1,1,1,1
192,1581,1,1.0,0,9,0,41,0.4,172,4,19,693,850,1384,19,9,2,0,1,1,1
193,723,0,0.5,0,0,1,3,0.2,168,4,3,920,1748,1851,15,3,16,1,0,0,1
194,504,1,0.5,1,5,0,16,0.1,166,1,9,767,1665,701,17,15,15,1,0,1,0
195,1444,0,0.6,0,2,0,48,0.5,82,5,17,1092,1554,2540,17,2,15,1,1,1,3
196,793,1,2.8,1,1,1,64,0.4,179,4,2,818,1006,2296,12,0,5,1,1,0,1
197,1930,1,2.0,0,11,0,16,0.8,186,8,12,1901,1920,1783,17,3,13,0,0,1,1
198,1576,1,2.0,0,0,1,20,0.6,148,3,0,410,1551,1379,17,1,16,1,0,1,1
199,606,0,2.5,0,1,1,53,0.2,146,4,2,465,1152,1223,19,12,7,1,0,0,0
200,516,1,0.7,1,1,0,30,0.9,138,1,12,126,698,3731,17,13,15,0,0,0,3
201,1442,0,1.0,1,0,0,27,0.1,192,3,19,231,687,2227,6,5,20,1,1,0,1
202,1511,0,2.5,1,3,0,21,0.2,114,3,18,1455,1982,3746,10,0,5,1,0,0,3
203,1259,0,1.2,1,0,0,13,0.5,97,2,0,1210,1989,340,17,13,4,1,0,1,0
204,640,0,1.3,1,5,1,6,0.6,143,8,20,976,1353,2711,15,7,8,1,1,0,3
205,1042,0,2.2,0,15,1,11,0.6,139,5,16,68,1018,2826,18,0,2,1,0,0,2
206,966,1,0.6,0,9,1,50,0.2,117,4,10,1446,1754,2574,10,1,5,1,0,1,3
207,1572,1,0.8,1,7,1,8,0.8,169,5,8,577,1237,3461,6,3,10,1,1,1,3
208,1426,0,1.6,0,4,1,12,0.7,174,5,16,1573,1694,1277,14,9,5,1,0,0,1
209,771,0,2.9,0,2,0,62,0.7,106,1,8,1709,1781,1628,9,3,6,0,1,0,2
210,1002,0,0.8,1,0,1,35,0.5,83,2,4,1345,1416,1726,16,5,19,1,0,1,3
211,1778,0,0.5,0,0,0,15,0.5,102,3,0,1445,1954,1214,5,0,14,1,0,0,2
212,1052,0,0.9,0,1,0,6,0.8,195,4,16,1191,1839,552,6,1,11,0,0,1,0
213,816,1,0.5,0,4,0,14,0.9,198,3,13,149,558,1018,17,10,15,1,0,0,0
214,1625,1,0.5,1,2,1,50,0.1,107,8,17,8,1219,670,16,3,8,1,0,0,0
215,1035,1,2.7,0,1,0,40,0.2,157,5,15,757,1912,3548,14,4,5,0,1,1,3
216,740,0,1.8,0,1,0,12,0.2,123,1,11,935,1147,1105,7,6,19,0,1,1,1
217,1093,0,1.9,1,2,1,22,0.3,196,8,14,238,807,1869,8,5,4,1,1,1,1
218,664,0,1.2,1,0,0,28,0.9,106,5,5,754,1497,2042,17,15,19,1,1,0,2
219,502,0,0.8,0,7,0,52,1.0,82,6,8,281,1159,2666,5,4,20,1,1,0,3
220,986,1,0.8,0,13,1,28,0.8,182,4,20,199,679,1149,8,7,18,1,1,0,0
221,615,1,0.5,1,7,0,58,0.5,130,5,8,1021,1958,1906,14,5,5,1,0,0,1
222,1156,0,0.5,0,6,0,61,0.1,89,7,9,1214,1262,1796,16,6,13,0,1,1,3
223,1727,0,2.1,0,2,1,63,0.6,85,7,8,1463,1992,2457,19,13,7,1,0,1,3
224,1885,0,2.4,1,12,1,14,0.6,92,4,15,1406,1517,1277,9,6,16,1,0,1,2
225,1911,0,0.9,1,1,1,36,0.7,108,8,3,868,1632,3057,9,1,5,1,1,0,3
226,1299,1,2.8,1,0,0,64,0.5,83,6,6,46,908,1938,19,8,5,1,0,1,2
227,1166,1,0.5,0,7,0,59,0.5,80,1,11,437,638,3887,8,6,7,1,0,1,3
228,1565,1,0.5,0,0,0,38,0.1,121,5,1,781,1364,308,19,17,7,1,1,1,0
229,733,0,0.8,0,7,0,16,0.4,138,4,12,202,1787,2648,12,0,19,1,1,0,2
230,534,0,0.5,1,0,1,16,1.0,189,5,1,393,1199,3926,16,12,20,1,0,0,3
231,1407,1,2.4,0,1,1,22,0.7,104,4,4,1172,1217,2192,9,7,13,1,0,1,3
232,764,1,1.2,1,1,0,13,1.0,152,8,2,361,511,3148,18,7,6,1,1,0,3
233,827,0,1.1,1,2,1,18,0.9,160,2,16,448,821,1663,14,0,17,1,1,1,1
234,1661,1,1.4,0,0,0,29,0.3,119,2,0,536,861,591,9,2,9,1,1,1,0
235,1972,1,1.6,0,0,0,48,0.5,92,8,2,290,804,2872,7,2,11,1,0,1,3
236,1185,0,1.9,0,0,0,31,0.4,152,8,7,837,1642,2447,16,2,3,1,1,1,2
237,774,0,0.5,1,2,1,10,0.5,188,2,9,1480,1731,2944,8,6,2,1,1,1,2
238,1254,0,1.2,1,2,0,50,0.7,108,5,6,462,1013,3959,10,4,17,1,1,0,3
239,571,0,1.6,1,8,0,35,0.2,186,7,20,177,1282,2598,13,5,8,1,1,0,1
240,1549,1,0.5,0,4,0,8,0.4,158,5,7,721,1514,1998,12,7,15,1,1,0,1
241,1010,1,2.0,1,2,1,8,0.9,139,5,3,547,957,2625,15,11,12,1,1,0,3
242,972,1,1.7,0,0,1,54,0.7,107,3,4,681,1050,1900,16,8,19,1,0,1,2
243,1880,1,2.0,0,11,0,35,0.1,200,4,14,930,1983,1930,17,7,15,0,1,0,1
244,1237,0,0.5,0,2,0,27,0.1,87,8,5,274,603,2454,14,0,8,1,1,1,3
245,1065,0,1.7,1,4,1,48,0.3,162,6,8,1188,1948,265,8,0,12,1,0,0,0
246,730,1,0.5,1,3,1,27,0.1,112,5,10,62,846,3623,9,4,15,1,1,0,3
247,1719,1,2.1,1,0,0,52,0.1,187,3,1,417,520,2610,10,1,11,1,1,1,2
248,1159,0,1.5,0,3,0,36,0.4,104,4,8,717,1206,2115,8,7,18,0,0,0,3
249,1347,0,1.5,1,10,0,56,0.3,95,1,19,398,1528,2456,13,0,13,1,1,1,3
250,709,1,2.0,1,0,0,35,0.1,136,1,0,1545,1596,1973,12,9,16,0,1,1,2
251,1128,1,0.5,1,6,0,33,0.6,147,8,7,938,1226,1440,17,15,19,1,0,0,1
252,682,1,0.5,0,4,0,19,1.0,121,4,11,902,1064,2337,11,1,18,0,1,1,3
253,855,1,0.5,0,2,1,59,0.5,159,2,3,1028,1196,1875,16,8,8,1,1,1,1
254,1263,1,2.0,0,0,0,5,0.4,146,6,3,954,1609,1958,9,6,4,1,1,1,2
255,1822,0,1.2,0,0,0,8,0.2,195,6,0,172,910,2577,9,5,8,1,1,0,2
256,1823,0,2.8,1,11,0,10,0.6,81,8,19,362,1250,1812,5,0,19,1,1,1,3
257,702,0,2.6,1,2,1,9,0.7,141,3,3,504,1570,2955,10,4,19,1,0,0,3
258,1023,1,0.7,0,2,1,63,0.7,153,7,8,367,1985,3155,11,10,7,1,1,1,2
259,1545,0,1.3,1,15,1,35,0.1,173,5,20,115,1352,3197,14,9,6,1,0,1,2
260,1721,1,0.5,1,4,1,33,0.5,128,4,5,871,1048,707,19,2,5,1,1,1,1
261,1724,1,1.8,0,0,1,9,0.8,100,2,1,655,828,3056,18,16,6,1,0,0,3
262,1342,0,2.8,0,1,0,50,0.1,173,1,8,127,620,2644,7,2,11,0,1,1,2
263,769,1,1.2,0,2,0,17,0.1,95,8,4,1384,1454,1877,18,2,11,0,0,1,3
264,1117,1,0.6,1,0,0,31,0.2,146,2,7,1258,1627,2003,8,7,14,0,1,1,2
265,851,0,0.5,0,3,0,21,0.4,200,5,7,1171,1263,478,12,7,10,1,0,1,0
266,1807,1,2.9,0,0,0,16,0.2,125,3,0,1221,1415,2921,8,5,17,0,1,0,3
267,1344,0,1.5,0,1,0,14,0.5,190,1,3,419,556,2074,8,1,5,1,1,0,1
268,1689,1,0.5,0,11,0,9,0.5,150,5,15,467,675,2637,8,4,3,1,0,0,2
269,959,1,1.7,0,15,0,13,0.4,155,4,16,87,736,3328,10,9,10,1,1,1,3
270,1371,0,0.5,0,4,0,52,0.5,167,4,19,471,663,3034,13,6,8,0,0,0,2
271,741,0,1.5,0,1,0,14,0.3,178,5,13,334,594,1886,19,11,9,1,1,1,1
272,553,1,2.2,1,0,1,18,0.7,136,2,1,1287,1892,3300,12,10,20,1,0,0,3
273,1225,0,0.7,1,6,0,60,0.1,107,2,15,10,1567,2423,17,11,6,1,0,0,2
274,1312,0,0.5,1,0,1,28,0.8,163,2,0,1233,1854,1087,17,16,14,1,0,0,1
275,1829,1,0.5,0,0,1,15,0.4,160,5,7,729,1267,2080,16,11,12,1,0,1,2
276,1528,1,1.8,1,3,1,55,0.8,129,5,6,454,1762,1282,11,9,11,1,1,1,1
277,1698,0,2.8,0,10,1,7,0.8,131,8,12,26,508,2992,15,3,17,1,1,0,3
278,1961,1,1.5,0,10,0,55,0.5,100,7,20,861,1888,2355,14,7,6,1,1,1,3
279,1566,1,0.5,1,0,0,20,0.5,126,2,0,1603,1930,659,14,9,13,1,1,1,1
280,1610,1,2.9,0,7,1,64,0.9,181,4,12,1236,1280,941,8,4,9,1,1,0,0
281,558,1,2.8,0,1,1,49,0.8,142,5,4,997,1605,392,10,5,8,1,1,1,0
282,1006,0,2.2,1,4,1,22,0.8,135,4,8,35,991,909,18,4,7,1,0,1,0
283,1966,0,0.8,1,15,1,48,0.2,144,1,16,1242,1973,1252,6,4,19,1,1,1,1
284,1320,0,0.5,1,7,0,48,0.2,168,5,16,103,1583,2893,8,5,9,0,0,1,2
285,1487,0,1.5,0,5,1,42,0.8,120,2,7,857,989,2003,12,4,3,1,0,0,2
286,794,1,0.5,1,0,1,2,0.8,106,6,14,1222,1890,668,13,4,19,1,1,0,1
287,1954,0,0.5,1,0,0,24,0.8,187,4,0,512,1149,700,16,3,5,1,1,1,0
288,1695,0,0.5,1,6,1,46,0.7,200,3,9,1791,1898,446,16,13,15,1,1,1,0
289,1322,0,1.7,1,6,0,7,0.8,140,3,9,177,1990,1418,19,17,12,0,1,0,1
290,1379,1,2.1,1,14,1,63,1.0,83,1,17,207,1370,651,9,6,7,1,1,0,0
291,712,0,0.5,0,6,0,27,0.5,86,2,11,1245,1309,2001,11,10,12,1,1,1,3
292,770,1,1.5,1,6,0,61,0.2,196,4,9,603,1483,3473,7,3,4,0,0,1,2
293,622,1,1.9,1,12,0,11,0.8,193,8,14,760,1964,3183,5,0,4,1,1,1,2
294,809,0,0.8,0,10,0,21,0.9,91,7,19,1453,1726,1274,18,7,3,0,0,0,2
295,1575,0,2.5,1,0,1,11,0.2,185,7,20,492,818,2182,7,3,17,1,1,0,1
296,730,0,2.1,1,0,1,4,0.1,89,8,2,302,1247,1210,19,15,4,1,1,1,1
297,594,1,2.6,0,1,0,27,0.1,196,5,2,407,528,708,17,5,17,0,1,1,0
298,1156,1,2.7,1,1,1,30,0.9,173,3,16,945,1913,2735,16,15,13,1,0,1,2
299,989,1,1.6,1,11,1,24,0.6,156,8,17,614,679,2819,16,13,5,1,0,1,2
300,1402,1,0.6,1,3,0,46,0.3,87,7,12,1081,1767,347,17,0,12,1,0,1,0
301,1866,1,2.5,1,3,1,47,0.8,89,5,9,358,1782,1444,7,4,20,1,0,0,1
302,879,1,2.5,0,11,1,14,0.7,83,6,15,403,1105,349,16,10,2,1,0,1,0
303,891,0,1.9,1,1,1,18,0.1,153,6,3,40,1435,1303,17,16,4,1,1,1,0
304,1976,1,0.7,1,4,0,32,0.8,171,2,7,1301,1922,3699,17,11,13,0,1,1,3
305,1176,1,2.1,0,2,1,62,0.5,168,2,10,674,1455,1534,6,2,17,1,0,0,1
306,654,1,1.3,0,0,1,52,0.7,196,4,4,1715,1898,1036,17,4,13,1,0,0,0
307,1520,0,0.5,0,1,1,24,0.7,199,5,8,109,1909,3233,13,3,4,1,0,1,2
308,1576,0,2.6,0,7,0,58,0.2,90,3,16,400,631,336,14,8,13,1,1,1,0
309,802,1,2.4,1,1,0,45,0.8,157,3,9,1299,1633,3713,8,3,8,0,0,0,3
310,1447,0,0.5,0,3,0,40,0.7,184,2,5,963,1062,471,8,4,20,0,0,1,0
311,571,0,0.6,0,1,1,43,0.5,141,3,8,224,783,2587,7,5,18,1,0,0,2
312,882,0,0.7,1,9,1,28,0.2,151,6,16,248,884,751,19,11,8,1,0,1,0
313,685,0,0.5,0,2,0,29,0.8,93,7,10,433,648,728,14,8,4,0,0,1,0
314,1384,1,2.8,1,15,0,60,0.1,82,3,18,983,1210,1221,18,12,15,1,0,1,1
315,541,1,2.3,0,4,0,51,0.4,200,8,17,1012,1226,403,11,2,12,0,0,0,0
316,848,1,2.1,1,10,1,19,0.8,148,7,18,176,1029,3359,10,0,14,1,0,0,3
317,595,0,0.9,1,7,1,23,0.1,121,3,17,441,810,3752,10,2,18,1,1,0,3
318,764,0,1.0,1,9,1,45,0.5,124,8,11,52,539,1341,19,1,12,1,0,0,1
319,1512,1,1.7,0,12,0,6,0.7,162,7,17,205,884,2335,15,7,7,1,1,1,2
320,864,0,1.6,1,0,1,53,0.3,88,6,1,262,1436,493,18,9,10,1,1,0,0
321,1811,1,0.5,1,0,0,32,1.0,115,6,0,204,1132,348,17,11,18,1,0,1,0
322,936,1,2.3,0,5,1,57,0.2,129,2,6,657,938,2049,12,8,5,1,1,0,2
323,1008,0,0.8,0,11,0,61,1.0,114,3,15,1077,1122,2009,10,3,11,1,0,0,2
324,1413,0,0.6,0,0,1,13,0.1,128,1,0,1323,1481,515,5,0,18,1,1,0,0
325,1362,1,2.9,0,0,0,47,0.5,186,6,4,600,1042,3629,19,17,5,0,1,1,3
326,637,1,0.8,1,2,0,28,0.6,194,4,6,1080,1289,2725,15,10,7,0,0,0,2
327,1023,1,2.3,1,5,1,30,0.2,80,8,7,5,1744,2086,10,0,19,1,1,1,2
328,1331,1,1.6,0,0,0,16,0.5,165,2,7,1109,1226,1026,13,5,20,1,0,1,1
329,1225,1,2.4,0,0,0,15,0.1,155,5,0,840,982,1970,16,8,15,1,1,0,2
330,649,1,1.4,0,4,1,19,0.8,190,7,12,344,1551,739,18,1,2,1,1,0,0
331,1933,0,2.8,1,1,0,16,0.5,154,3,9,229,1473,838,14,2,18,0,1,0,0
332,1000,1,0.5,0,12,0,63,0.7,179,8,18,1537,1761,3744,11,1,7,0,0,1,3
333,1880,0,0.5,0,0,1,7,0.6,104,4,1,890,1019,2968,9,0,3,1,1,0,3
334,918,0,0.9,1,1,0,8,0.1,123,7,5,653,671,1652,17,4,14,1,1,0,2
335,1936,1,1.9,1,13,1,34,0.2,182,7,14,591,1089,1671,6,1,9,1,0,1,1
336,1731,1,1.4,1,4,1,4,0.5,163,6,18,809,1988,3892,5,1,4,1,1,1,3
337,1438,0,2.2,0,0,1,32,0.6,176,7,6,683,1663,869,19,13,9,1,1,1,0
338,1945,0,1.2,0,3,0,26,0.7,112,6,5,1064,1540,3322,18,7,20,0,0,1,3
339,1745,0,1.5,1,4,1,57,0.1,159,3,16,1164,1908,2885,13,11,5,1,1,1,2
340,665,1,0.7,0,0,1,31,0.1,185,5,2,496,1804,690,5,2,15,1,0,0,0
341,510,1,2.0,1,5,1,45,0.9,168,6,16,483,754,3919,19,4,2,1,1,1,3
342,1587,1,0.5,0,0,0,50,0.9,148,8,15,299,874,461,17,4,4,1,0,1,0
343,1395,1,2.8,0,0,1,55,0.6,118,3,1,782,1787,3373,11,2,16,1,1,0,3
344,1077,1,1.7,1,1,0,58,0.8,86,7,13,135,1892,3902,9,3,3,1,0,0,3
345,718,0,0.7,1,0,1,21,0.8,88,1,7,518,830,1754,17,11,9,1,0,1,2
346,648,1,0.5,1,9,1,54,0.4,109,5,20,1153,1817,3124,5,0,13,1,0,0,3
347,1880,1,1.8,0,4,1,18,0.7,138,3,5,71,699,3333,17,15,7,1,0,0,3
348,722,0,1.1,0,12,0,12,1.0,93,6,20,138,1371,2359,13,6,3,0,0,0,3
349,1289,0,0.9,0,10,1,25,1.0,178,6,12,765,899,1043,6,2,11,1,1,0,0
350,1479,1,1.8,1,0,1,24,0.1,146,6,0,327,645,3762,12,10,5,1,0,0,3
351,726,0,2.9,0,0,0,43,0.1,101,8,0,666,760,1446,17,2,8,1,1,0,2
352,1763,0,0.5,1,12,0,10,0.2,184,3,19,238,1893,792,17,12,13,1,0,1,0
353,1331,0,0.5,0,8,0,55,0.9,146,3,15,1162,1531,1732,6,2,11,1,0,1,1
354,691,1,2.7,1,4,1,33,0.9,108,4,8,951,962,424,5,3,15,1,1,1,0
355,1034,1,2.7,1,6,0,37,0.7,120,7,20,707,1199,3625,17,1,12,0,1,1,3
356,1991,0,2.8,0,3,1,15,0.1,181,1,13,298,1037,1861,8,5,17,1,1,1,1
357,907,0,1.4,1,3,0,42,0.2,151,1,16,171,507,584,11,9,6,1,0,0,0
358,603,0,1.5,0,8,0,12,0.7,114,6,20,1003,1284,1543,7,5,19,1,1,0,2
359,733,0,2.1,0,5,1,7,0.2,174,7,10,445,1409,1403,15,8,2,1,1,0,0
360,1540,0,0.7,1,1,0,60,0.8,197,7,12,704,822,1591,19,0,2,1,0,1,1
361,972,1,0.5,1,5,0,13,0.4,193,5,8,1392,1795,1615,11,6,13,0,1,0,1
362,1775,1,1.5,0,3,0,41,0.1,163,1,7,1633,1869,2343,19,13,14,1,1,1,2
363,951,0,0.5,0,6,1,15,0.6,81,2,17,854,935,1083,16,11,16,1,1,0,2
364,668,0,2.3,0,2,1,48,0.3,114,1,19,195,1292,1201,14,12,4,1,1,0,1
365,1339,1,0.5,1,10,1,21,0.5,80,4,11,833,1441,867,8,3,3,1,1,0,1
366,914,1,0.5,0,0,1,26,0.7,147,4,0,706,721,1122,12,9,2,1,1,1,1
367,1541,1,1.5,1,6,1,5,0.5,109,4,10,536,1656,1795,7,3,4,1,1,1,2
368,664,1,1.1,1,1,1,51,0.1,110,7,4,701,1478,3629,19,15,6,1,1,1,3
369,1802,1,1.2,1,8,0,27,0.5,116,5,16,453,963,1885,10,9,7,1,1,0,2
370,1211,1,1.2,0,0,0,28,0.3,130,2,3,58,963,2750,6,1,14,0,1,0,3
371,1959,0,0.5,1,5,0,18,0.7,191,6,20,65,1055,619,7,4,8,1,1,1,0
372,831,0,2.4,0,10,0,55,0.5,86,6,12,172,1239,1075,12,11,3,1,1,0,1
373,1754,1,2.1,1,1,1,52,1.0,101,4,3,199,1452,3019,11,6,19,1,0,1,3
374,1842,1,2.2,1,7,0,56,0.4,179,4,10,783,1227,3721,16,11,4,0,1,1,3
375,1368,0,0.5,0,10,1,42,0.2,91,1,20,907,925,1590,12,0,14,1,0,0,2
376,814,1,1.1,1,2,0,41,0.8,177,2,10,1092,1406,1944,16,6,12,1,0,0,1
377,1089,1,0.9,1,12,1,2,0.7,145,5,15,636,1259,2765,13,12,10,1,0,1,2
378,1987,1,0.5,0,3,1,53,1.0,181,3,7,1052,1516,3117,18,5,8,1,1,1,2
379,1712,1,0.9,1,2,0,23,1.0,155,7,19,155,663,1422,5,0,15,1,1,0,1
380,922,1,0.7,0,0,1,47,1.0,157,8,14,1295,1808,1464,17,4,12,1,0,1,1
381,617,1,2.3,0,0,0,32,0.5,199,7,20,768,874,2213,18,13,7,0,0,0,1
382,1366,1,0.7,1,0,1,34,0.1,150,2,9,402,964,3501,13,11,3,1,0,0,3
383,1991,0,2.2,1,1,1,42,0.7,82,1,13,366,613,722,6,5,10,1,1,0,1
384,1550,1,2.7,0,2,0,32,0.1,126,7,5,1541,1619,1571,12,3,14,0,0,0,2
385,1708,1,2.4,1,18,1,49,0.1,109,1,19,233,517,3388,6,4,16,1,1,1,3
386,1663,1,0.5,0,0,0,40,0.6,147,4,15,951,1545,1336,8,5,15,1,0,0,1
387,955,1,0.5,0,2,0,2,0.6,155,4,10,428,1254,1974,14,1,18,1,1,0,1
388,618,0,1.1,0,11,1,45,0.2,188,3,20,1175,1586,2339,19,2,10,1,1,0,1
389,1900,1,2.0,1,1,0,41,0.5,190,8,6,912,1596,850,5,1,4,1,1,1,0
390,732,1,1.3,0,5,1,32,0.4,163,8,7,1661,1836,3883,12,2,5,1,0,1,3
391,1172,1,2.1,1,4,0,41,0.1,95,3,7,1314,1884,1107,7,3,5,0,0,0,1
392,880,0,0.5,1,1,0,44,0.5,172,8,15,436,1302,3132,8,7,6,0,1,1,2
393,1820,1,1.4,0,5,0,51,0.9,163,7,10,202,1884,2481,11,9,11,0,0,0,1
394,1519,0,2.1,0,0,0,32,0.7,200,1,10,168,1239,2912,11,10,15,1,1,0,2
395,1068,0,0.7,1,9,0,51,0.5,124,4,15,1405,1910,550,12,8,6,1,1,0,0
396,1836,0,1.1,1,0,0,14,0.7,104,5,1,168,1068,2469,18,6,7,1,1,1,3
397,1832,0,0.7,0,2,0,2,0.6,90,7,6,186,654,2978,18,7,18,0,0,0,3
398,689,0,2.9,1,3,1,7,0.8,147,2,6,487,722,1241,9,0,16,1,0,0,1
399,1188,1,1.5,1,0,0,54,0.3,198,6,2,1150,1469,485,12,7,7,0,1,0,0
400,1956,0,2.2,0,0,1,37,0.5,87,3,2,185,776,1109,13,1,19,1,1,0,1
401,1825,0,1.1,1,13,1,17,0.1,157,4,18,1621,1773,3130,12,4,2,1,0,1,3
402,1472,0,2.8,1,1,0,36,0.5,130,6,10,1452,1744,985,12,11,7,1,1,0,1
403,1958,0,0.5,0,6,1,52,0.4,153,1,14,1524,1848,3064,7,6,3,1,0,0,3
404,576,0,1.2,0,1,0,30,0.8,162,8,5,847,893,2800,11,6,16,0,1,1,2
405,1882,0,2.0,0,11,1,44,0.8,113,8,19,4,743,3579,19,8,20,1,1,0,3
406,1949,1,1.4,0,7,0,57,0.3,145,7,11,951,1178,356,5,3,19,0,0,0,0
407,1502,1,1.2,0,0,0,54,0.2,138,5,12,65,588,3693,17,14,16,1,1,0,3
408,1510,0,0.6,1,1,0,32,0.7,135,3,8,963,1520,854,8,2,10,1,0,1,1
409,1671,0,0.5,1,13,0,5,0.9,179,8,18,398,1263,815,16,6,10,1,1,1,0
410,767,0,1.5,0,4,0,28,0.7,175,4,10,344,1517,527,10,0,15,0,1,0,0
411,1436,1,2.4,1,3,1,23,0.3,106,5,4,189,1411,2488,8,4,8,1,0,0,3
412,1589,0,2.5,0,5,1,51,0.8,195,1,18,810,1743,2612,8,2,16,1,0,0,1
413,1110,0,1.5,0,4,1,41,0.1,152,3,16,800,1455,2572,16,5,16,1,0,1,2
414,1329,1,1.7,0,5,1,23,0.6,198,8,6,380,682,2308,11,10,9,1,1,0,1
415,984,1,0.5,0,13,1,42,0.8,98,7,17,1036,1611,898,16,8,13,1,1,0,1
416,525,0,2.4,1,11,0,35,0.8,190,7,20,82,670,1609,16,11,3,0,0,0,0
417,921,1,2.2,1,12,1,10,0.1,170,7,18,1272,1469,3153,8,2,11,1,1,0,3
418,1090,1,2.3,0,1,1,8,0.6,128,8,8,1217,1670,3839,17,3,11,1,0,1,3
419,1262,0,1.8,1,12,0,34,0.1,149,5,16,223,737,3248,13,3,4,0,1,1,3
420,1310,0,2.3,1,3,0,15,0.2,150,5,11,954,970,2518,18,17,5,0,1,1,2
421,1266,0,1.9,1,0,1,7,0.2,184,3,12,346,1468,2532,10,5,4,1,1,1,2
422,1442,0,0.6,1,1,0,27,0.4,127,5,8,266,642,991,14,8,7,1,0,0,1
423,1462,1,1.7,1,1,0,25,0.2,182,7,18,91,1478,824,15,5,13,1,0,1,0
424,1576,1,2.2,0,8,0,5,0.7,139,3,17,258,789,3904,5,1,7,1,1,1,3
425,1907,0,2.0,0,13,0,55,0.9,105,7,15,713,1513,286,14,4,17,1,0,1,0
426,1189,1,2.3,0,13,0,8,0.5,198,3,14,379,932,893,9,6,13,1,1,0,0
427,1313,1,1.8,1,4,0,9,0.4,105,1,6,416,1308,3791,11,10,6,0,1,1,3
428,1132,0,1.0,0,0,0,8,0.1,157,1,4,1091,1293,1950,11,2,6,0,1,1,2
429,869,0,1.3,1,3,0,34,0.1,104,2,4,478,539,3864,13,3,11,1,0,0,3
430,1674,0,2.8,1,0,1,52,0.2,89,3,7,1432,1649,2030,7,0,6,1,0,0,3
431,507,1,0.5,1,1,0,32,0.5,141,7,11,936,1398,1702,17,0,5,1,1,1,1
432,1021,1,0.5,1,0,1,53,0.7,136,3,6,905,1988,2631,17,3,7,1,1,0,2
433,1089,0,1.4,1,10,0,2,0.1,153,7,20,211,1409,2620,7,5,13,1,0,0,2
434,1510,1,2.5,1,11,0,47,0.7,138,2,13,118,1170,887,18,6,5,0,0,0,0
435,1108,0,1.0,0,3,0,49,0.7,140,5,12,1298,1666,3254,12,0,16,1,0,0,3
436,664,0,1.5,0,5,1,6,0.9,164,2,19,1076,1472,3774,11,5,18,1,0,0,3
437,857,1,2.0,1,3,0,17,0.2,195,7,9,157,948,3100,17,5,13,1,1,0,2
438,668,0,2.9,1,7,0,30,0.2,195,8,12,522,1056,2399,10,5,7,1,1,1,1
439,1688,0,2.5,0,0,1,21,0.2,170,7,0,650,864,3984,17,14,8,1,1,1,3
440,832,1,0.5,1,1,1,5,0.1,165,5,2,9,1944,3946,12,5,14,1,1,1,3
441,1620,1,2.2,1,0,1,30,0.2,185,3,3,832,1033,606,6,0,18,1,0,0,0
442,1007,0,2.0,0,0,0,45,0.1,95,5,2,1186,1529,3648,9,0,16,0,0,0,3
443,1766,1,0.5,1,1,0,16,0.6,141,5,7,125,1227,3314,9,7,17,0,0,1,3
444,1541,1,2.8,1,10,1,28,0.2,165,5,15,796,1052,1108,12,1,7,1,0,1,1
445,1981,1,1.9,1,13,0,45,0.3,175,6,18,193,1234,1380,10,1,13,0,1,0,0
446,1661,0,1.9,1,5,0,23,1.0,172,5,10,846,1634,2676,12,6,11,0,1,1,2
447,930,1,0.5,1,3,1,34,0.5,190,4,16,1050,1726,2131,7,2,6,1,0,1,1
448,1631,0,0.5,0,2,1,13,0.5,166,2,16,960,1735,2173,12,3,8,1,1,0,2
449,979,0,0.5,1,0,1,5,0.5,164,7,2,793,1670,3449,5,2,14,1,0,0,3
450,991,0,2.0,0,2,1,12,0.3,158,5,6,1209,1678,2014,11,9,10,1,0,0,2
451,1099,0,0.5,0,13,1,61,0.3,146,3,20,393,1096,1699,17,10,3,1,1,1,1
452,583,1,0.9,1,1,0,51,0.9,88,8,2,1658,1794,1799,16,9,7,0,1,0,3
453,1997,1,1.8,1,1,0,40,0.5,185,4,8,866,1212,1655,7,6,15,1,0,0,1
454,1470,0,2.2,1,4,1,33,0.4,138,7,10,1790,1988,1633,18,4,4,1,0,0,1
455,672,1,0.6,1,13,0,61,0.1,194,5,20,724,1127,1457,14,10,20,1,0,1,0
456,1604,1,1.7,0,2,0,33,1.0,191,8,5,134,939,916,13,10,12,0,1,1,0
457,1106,1,1.9,0,4,0,54,0.7,107,3,9,614,1212,2674,9,3,9,1,0,1,3
458,1501,0,1.1,0,12,1,2,0.2,187,1,15,198,1056,2487,13,12,16,1,1,1,1
459,1655,1,0.5,1,6,1,4,0.1,105,3,12,626,1348,673,10,3,12,1,0,0,1
460,1341,1,2.1,1,0,0,36,0.4,107,8,1,473,574,2200,18,14,15,0,1,0,3
461,1614,0,1.9,0,8,1,55,0.3,188,3,17,860,1330,3914,17,13,13,1,0,0,3
462,1191,0,2.4,1,2,0,13,0.9,169,1,7,179,1813,1028,14,6,8,1,1,1,0
463,557,1,1.6,0,0,0,24,0.5,125,3,0,1131,1315,1305,12,8,3,1,0,1,1
464,1210,0,0.5,0,0,0,63,0.1,93,5,0,1177,1462,2394,17,9,7,0,0,0,3
465,1044,0,1.8,0,4,1,12,0.7,104,6,5,1230,1263,1794,18,7,19,1,1,1,2
466,1156,1,1.2,1,0,1,50,0.8,159,2,0,322,547,470,7,0,15,1,1,0,0
467,772,0,2.6,1,7,0,6,0.1,100,2,10,741,1471,929,13,6,18,0,1,1,1
468,1977,1,2.0,1,7,1,54,1.0,171,7,18,1226,1242,1971,18,7,14,1,1,0,1
469,671,0,0.9,1,10,0,30,0.7,105,7,17,852,1182,2504,6,4,15,1,0,0,3
470,1271,0,0.5,1,2,0,54,0.1,159,8,3,613,650,990,14,11,6,0,1,1,0
471,1281,1,2.8,1,3,1,8,0.3,144,4,19,590,954,1851,8,2,9,1,1,0,1
472,765,0,2.9,0,0,1,18,0.1,153,7,0,6,793,1066,11,1,16,1,1,0,0
473,1189,1,1.9,0,5,0,7,0.5,164,2,20,79,615,841,13,10,11,0,1,0,0
474,1623,1,1.2,0,6,1,61,0.9,120,7,12,1568,1832,1510,12,10,17,1,1,0,1
475,1938,1,0.5,1,5,0,44,0.5,121,2,9,1299,1935,3497,18,10,18,0,1,0,3
476,1350,1,0.5,1,0,1,50,0.8,181,8,4,369,544,2287,15,1,8,1,1,0,1
477,1483,1,2.6,1,13,0,19,0.6,146,7,19,361,1552,1587,9,4,19,0,0,0,1
478,854,0,0.5,0,2,0,30,0.5,125,8,5,518,1152,2889,5,2,11,0,0,1,3
479,1745,0,2.9,0,0,1,3,0.9,105,3,0,426,1629,1308,5,0,2,1,1,0,1
480,1829,1,2.1,0,8,0,59,0.1,91,5,15,1457,1919,3142,16,6,5,1,1,1,3
481,1395,0,1.8,1,0,0,23,0.1,111,3,1,213,705,2571,11,0,13,1,0,1,3
482,530,1,2.6,0,1,0,40,0.9,118,6,2,818,1090,1229,16,11,2,0,1,0,1
483,511,0,0.7,1,1,1,52,0.7,180,2,10,24,759,3865,8,3,7,1,0,1,3
484,712,1,1.6,0,6,1,9,0.8,172,2,14,881,1234,3612,13,5,4,1,0,0,3
485,798,0,0.6,1,6,1,21,0.5,110,2,12,661,1951,1647,12,2,3,1,0,0,1
486,560,1,2.0,1,6,1,57,0.3,81,3,12,80,1327,2167,11,10,7,1,0,1,2
487,1712,0,1.4,0,1,0,63,0.5,137,7,12,747,1126,3652,16,1,19,1,0,0,3
488,793,1,1.9,1,0,1,43,0.3,124,8,2,15,1196,1050,11,9,3,1,1,1,0
489,1285,0,2.4,0,1,1,51,1.0,140,7,2,475,500,2094,8,0,10,1,0,0,2
490,797,0,2.2,1,0,0,37,0.9,144,7,2,206,1167,2216,9,5,6,1,0,0,2
491,808,1,0.5,1,3,0,46,0.5,105,8,15,119,529,1082,15,5,10,1,0,1,1
492,1831,1,2.2,1,4,0,55,1.0,189,8,9,1693,1790,1133,14,3,10,0,1,0,1
493,1934,1,2.6,1,0,1,46,0.1,103,1,17,619,1299,2940,13,9,2,1,1,1,3
494,1762,0,0.6,0,3,1,26,0.1,83,6,14,525,704,2661,9,7,4,1,1,0,3
495,1564,0,2.3,0,4,1,25,0.5,189,6,17,1259,1965,1496,6,4,7,1,1,1,1
496,1762,1,2.7,1,13,1,25,0.9,189,1,14,300,527,1896,14,10,20,1,1,1,1
497,729,1,2.0,0,0,0,14,0.6,135,6,2,563,1055,3397,19,15,17,1,0,1,3
498,863,0,1.6,1,5,1,6,0.7,133,4,13,717,1799,520,10,2,18,1,0,1,0
499,616,0,1.9,1,13,1,44,0.8,81,3,17,651,1618,3366,18,8,13,1,1,0,3
